#{"t_start": 1764679826.621898, "env_id": "None"}
r,l,t
-38.065935,6,0.936409
19.506485,25,1.162388
-23.293846,11,1.38077
-20.690812,12,1.547184
9.239142,21,1.738691
-5.455757,19,1.892376
-18.25103,15,2.133922
-35.357384,7,2.298846
8.937292,24,2.497143
-36.625399,7,2.620615
-21.65853,13,2.80157
-40.826187,5,2.92392
-27.642864,11,3.049365
-16.391911,14,3.267886
31.064344,26,3.585497
-3.234009,19,3.779372
-6.428216,18,4.016522
-1.136969,21,4.220842
-5.984484,19,4.452892
-37.468239,7,4.551803
-36.205555,7,4.663386
-34.335139,8,4.795744
-16.130068,15,5.002961
-37.002408,7,5.134286
-15.99504,13,5.331001
-26.32476,10,5.453577
-40.912076,5,5.557959
-13.306064,16,5.737367
-18.877929,13,5.874564
-6.607234,17,6.024967
-14.941876,14,6.188607
-13.774974,14,6.407191
-8.20635,18,6.593547
-36.358218,7,6.706206
-17.765234,14,6.844335
-4.147661,20,7.119656
-35.96565,7,7.285782
13.962638,25,7.652809
-11.602531,15,7.880634
-30.504684,9,8.067825
-31.067786,9,8.290384
-27.67497,10,8.434183
-23.070331,12,8.63432
-37.558657,6,8.788485
-38.580849,6,8.885343
-40.631202,5,8.990694
-39.209313,6,9.080995
-29.165396,10,9.181988
66.849915,40,9.606216
-33.93959,8,9.718649
-29.978209,9,9.893187
-28.504871,11,10.083184
-24.175047,12,10.239147
-11.8495,16,10.386011
-7.805696,18,10.602682
-31.6257,9,10.721677
-21.201995,13,10.865298
-36.687984,7,10.980514
18.500947,23,11.337666
34.401998,35,11.542859
-27.104031,12,11.761494
-5.660564,19,12.021694
-21.027835,13,12.26486
1.18838,20,12.585366
-30.536597,9,12.771361
8.738328,23,12.992088
-40.656814,5,13.127189
-34.542701,8,13.256844
-2.611553,21,13.401412
-39.698748,5,13.516291
7.487154,21,13.792722
-32.942392,9,13.90607
-41.784427,5,14.026025
-39.251378,6,14.150882
-25.463537,11,14.315379
-30.862476,8,14.45195
-36.971354,7,14.591245
-30.301748,10,14.799222
-0.975342,17,14.965698
-18.983251,13,15.15034
-39.110157,6,15.259074
-33.820453,8,15.401757
1.167101,19,15.576785
-16.007311,13,15.740351
-21.115759,13,15.955498
-8.900701,17,16.2115
-26.1868,10,16.38413
-0.178541,20,16.678733
-30.2622,10,16.793397
-37.345458,6,16.943453
-35.411537,8,17.122383
1.807697,19,17.313401
-35.831872,7,17.448783
-39.562928,6,17.575339
-36.83047,7,17.660777
-5.105011,17,17.879659
-23.49176,12,18.014776
-20.909555,14,18.159417
-29.315397,9,18.314986
-17.269337,13,18.465068
9.923621,22,18.757702
-42.693146,4,18.8723
23.55564,26,19.239712
-31.111028,9,19.429796
-32.615877,8,19.614125
-42.953835,4,19.736886
-27.52022,11,19.900794
-23.490249,12,20.095516
-27.947875,12,20.317809
-31.761295,9,20.430769
-6.70255,18,20.702152
-3.045491,18,20.885558
7.067157,20,21.045104
-41.442257,5,21.17713
-32.104547,9,21.343007
-35.793132,7,21.473805
-26.633126,11,21.611368
-15.562103,15,21.792099
-34.412659,7,21.900827
-5.678511,18,22.071574
-1.150542,19,22.310075
-22.788965,13,22.465236
-9.207586,17,22.648339
-35.175647,7,22.775397
-28.54497,10,22.893556
-23.602236,11,23.091014
-25.784242,10,23.241509
-34.099927,7,23.401256
6.347333,19,23.649493
-28.269252,11,23.934174
-30.049804,10,24.043581
-36.309467,7,24.154016
-14.143243,16,24.417767
-30.275411,9,24.555775
5.879041,22,24.739157
-35.169493,7,24.842863
-22.204499,14,25.069581
-30.986504,10,25.225808
-15.012316,15,25.459335
-25.466462,10,25.574958
-23.686614,12,25.805988
2.890799,21,26.03881
-21.900547,13,26.161335
-39.246021,6,26.296002
-40.585029,5,26.402439
-30.865696,9,26.533262
-9.027218,18,26.67135
-18.825512,15,26.933544
-35.276938,7,27.100067
-16.518492,14,27.359895
-17.387245,16,27.61988
13.259271,25,27.909066
-32.337731,9,28.091767
-10.340245,14,28.248108
-34.279976,7,28.402802
-7.163569,17,28.606544
-32.403508,9,28.780172
-33.794184,7,28.939665
-38.134498,6,29.058333
-6.469266,17,29.313895
-26.657706,11,29.448483
-32.432195,8,29.906579
-38.088997,6,30.014571
-22.052939,13,30.262509
-33.762192,8,30.424126
-10.381413,17,30.691963
-20.989362,12,30.941133
-38.945137,6,31.037887
-3.758333,18,31.238288
-31.829866,9,31.402705
-31.936322,9,31.543099
-39.56438,6,31.643018
31.733696,29,31.914814
-40.936103,5,32.05684
-22.269948,14,32.187915
-21.00716,13,32.405288
-4.342676,19,32.649805
-13.199711,16,32.832735
-29.489213,10,33.001644
-13.365635,15,33.251821
16.37838,28,33.569337
-30.829845,10,33.773578
-29.009754,9,33.940388
-10.395696,15,34.15417
-23.253048,11,34.280156
-31.249903,8,34.443423
-42.932063,4,34.546733
33.684791,26,34.933639
-26.605319,10,35.085314
-32.349848,9,35.240405
-21.51777,13,35.474072
-21.021387,11,35.611776
-24.979152,11,35.72672
-41.115226,5,35.818028
-35.942319,7,35.993753
-27.959546,11,36.128274
-36.73426,7,36.304102
-7.744669,18,36.609479
-32.802734,8,36.775584
-25.454936,12,36.888917
-6.306187,18,37.06628
-25.465201,11,37.21384
-22.137317,13,37.414677
-31.21956,9,37.573115
2.667611,20,37.844596
-7.529676,18,38.128508
-17.320961,13,38.355624
-30.614271,10,38.508051
-17.930371,16,38.823431
-24.152995,11,38.96606
-29.288772,9,39.097673
-32.926434,8,39.247651
-14.197063,15,39.457699
-31.8014,8,39.592048
-19.327425,13,39.736468
-5.347887,18,40.040315
-38.528097,6,40.193575
-30.605556,10,40.391067
-25.819963,12,40.578395
-11.705989,15,40.765104
-18.054564,14,40.915689
-26.655184,11,41.133833
5.077391,21,41.412841
-31.706759,9,41.581477
-33.881631,8,41.716471
0.321298,22,42.01038
-39.386824,6,42.107609
20.946736,28,42.426592
-24.523489,12,42.594707
-33.794144,8,42.749672
-6.268634,19,43.033409
-22.695084,12,43.202006
-27.573466,10,43.398212
-41.221069,5,43.501606
3.803959,23,43.789487
-11.696645,17,43.942918
-3.732777,18,44.115185
-40.408947,5,44.230998
-24.937859,11,44.376175
-8.830763,18,44.575631
-24.242348,12,44.711782
-1.251049,18,44.966279
-38.940957,6,45.119942
-4.475398,18,45.379142
-21.038433,15,45.610263
-32.295061,9,45.75295
-29.868596,11,45.920582
-29.678633,10,46.084327
-10.339741,14,46.204434
-32.288266,9,46.329852
-28.765438,10,46.456671
-33.31418,8,46.621146
-30.812758,9,46.737747
-6.367627,17,46.894137
-26.592724,10,47.008157
-33.349212,8,47.185324
-38.391434,6,47.337959
-32.984505,9,47.468992
-7.126139,18,47.622433
-20.41127,15,47.784618
-30.689314,10,47.963994
-41.050363,5,48.076313
-23.32769,11,48.252048
-12.324651,16,48.413987
-31.43213,9,48.603425
16.798828,25,48.922965
-35.582907,7,49.046635
5.39864,22,49.294451
-26.030825,12,49.426499
-23.531218,12,49.545807
22.402169,27,49.942557
2.770036,17,50.099478
-40.488165,5,50.223926
2.526385,22,50.431252
-15.579178,13,50.60123
-37.584901,7,50.722931
-42.472515,4,50.850925
-32.824747,8,51.009223
-32.31165,9,51.141297
-33.188813,8,51.276036
-18.961658,15,51.427263
-24.030549,12,51.570627
-30.285904,9,51.717568
-4.737737,18,51.904568
-37.604182,7,52.011918
-6.527563,17,52.294411
-12.346311,15,52.562931
-14.999718,15,52.752052
-35.691814,7,52.876046
0.726977,24,53.236853
-25.675621,10,53.439507
-35.219307,8,53.616823
-21.77689,13,53.751617
-33.991054,8,53.858183
-22.597741,11,53.992302
-33.758505,8,54.160265
-7.989571,18,54.359347
-35.663001,8,54.503482
-5.402644,19,54.68988
-7.235988,17,54.879417
-22.800329,12,55.019087
-24.984015,13,55.259098
-27.939605,10,55.4556
-27.682922,12,55.650139
-13.31382,17,55.84481
1.197533,20,56.034997
-27.949308,11,56.186344
-25.573121,11,56.336198
-23.336657,12,56.542212
-19.716769,15,56.720338
-36.514221,7,56.875438
-28.599523,11,56.987738
-1.817269,18,57.20561
-28.6829,11,57.379345
-39.296923,6,57.536083
-35.076086,7,57.699813
-40.009922,5,57.826209
-38.642835,6,57.922523
-8.184397,18,58.093657
-11.101071,15,58.313935
4.142798,25,58.613598
-36.08678,7,58.744824
-6.137996,17,58.915022
-15.854411,15,59.060076
-8.653338,17,59.225256
-39.409514,6,59.609342
-26.90835,11,59.737457
-24.421897,12,59.96036
-27.441844,11,60.071154
-35.10822,7,60.163212
-33.546926,8,60.266818
29.371756,33,60.454924
2.229295,19,60.625023
-43.53438,4,60.725394
-33.292315,8,60.904602
-39.571587,5,61.012679
-11.530537,18,61.158411
-35.940065,7,61.322109
-24.046784,12,61.510692
-30.047294,9,61.667245
-36.691198,7,61.828657
-18.380584,13,61.951643
-35.803801,7,62.101148
-24.447088,13,62.28389
-21.739236,13,62.437651
72.673829,40,62.768372
-28.199401,11,62.957943
-36.097797,7,63.062561
-29.011433,10,63.225319
-9.232902,17,63.380125
-27.812542,10,63.591245
44.386522,32,64.0058
-23.410644,13,64.193163
-28.687837,9,64.348249
-29.2874,9,64.465633
-16.024543,17,64.728228
-15.681653,16,65.001577
-39.333551,6,65.131935
-28.967088,10,65.32436
-32.847665,9,65.445158
-36.9325,7,65.555192
29.290734,29,65.897504
-19.871808,14,66.142692
5.535756,22,66.36546
-29.942306,10,66.570376
-24.82896,10,66.766783
-36.485093,7,66.873749
-7.251444,16,67.131134
-32.185649,9,67.241546
-19.012026,13,67.413985
-28.196914,9,67.60353
-0.481466,19,67.841411
-19.728642,15,67.962107
-42.815225,4,68.094448
-11.36077,16,68.338162
-37.755207,6,68.452646
-20.01999,12,68.616175
-15.219891,16,68.844497
-5.242823,19,69.094161
-26.161134,10,69.287191
-24.417829,11,69.468158
-15.503772,16,69.628646
-32.994401,8,69.729161
-36.257861,7,69.899985
1.944561,22,70.197362
-13.706544,17,70.427797
-37.445181,7,70.58581
8.388059,26,70.808985
2.310826,21,71.139934
-34.579701,8,71.267345
-29.933268,9,71.44181
-33.47841,8,71.628858
-40.115809,5,71.741385
-13.710019,15,71.887269
-3.733594,19,72.081153
-25.71878,12,74.735391
-12.857972,18,74.999114
8.227255,21,75.250895
1.336829,20,75.479205
57.657951,39,75.945045
16.895364,31,76.259684
-36.3326,7,76.371855
-25.083527,12,76.538458
-14.177386,17,76.766617
-31.547744,9,76.975531
-25.365546,12,77.200046
-37.841282,6,77.346842
-33.620807,8,77.476588
-33.166061,8,77.642706
-38.050787,6,77.783909
-28.671653,11,77.973566
-28.488788,11,78.14596
-27.785625,11,78.294558
-9.587453,17,78.489224
-39.342764,5,78.649192
-37.619352,6,78.744081
-2.351851,22,79.06613
-15.425994,15,79.217137
-28.385911,10,79.435556
37.09258,34,79.692232
-23.031478,12,79.927369
-39.885945,5,80.063083
-32.937057,8,80.261752
30.327278,28,80.671527
-19.709181,15,80.874151
-32.064601,9,80.994311
-38.356131,6,81.158597
-35.196581,7,81.283319
-27.444133,11,81.525526
13.408745,25,81.910563
4.556842,22,82.200344
11.186175,22,82.397193
-9.274899,17,82.766008
-27.346795,12,82.967411
-33.503182,8,83.105122
-35.088597,7,83.228188
-27.857785,12,83.390934
-24.487253,12,83.61976
2.05194,19,83.792872
-24.892336,11,83.945491
-31.351763,10,84.14706
-14.744263,16,84.391246
-30.403345,10,84.569299
-23.154139,13,84.704645
-5.419695,17,84.908176
-15.459571,15,85.092688
-30.021938,10,85.282345
-7.412675,19,85.571758
-20.233353,14,85.767861
2.123376,19,86.008496
-26.049178,11,86.199706
-31.802058,8,86.362146
-34.000081,8,86.467722
-10.417197,17,86.758703
38.15732,32,87.134228
-25.095637,11,87.325489
-30.079212,10,87.536721
-26.295045,10,87.759793
-30.031098,10,87.965589
1.811636,24,88.213716
-29.950902,10,88.38147
-37.413394,7,88.554409
-34.842833,8,88.739552
-40.166609,5,88.869325
1.919496,21,89.057519
-3.611076,20,89.264961
-27.215219,11,89.403667
-12.049657,16,89.573187
11.476897,26,89.87343
-4.870272,19,90.055583
-41.186194,5,90.171571
-27.187572,12,90.360837
-27.790684,10,90.486063
14.337641,31,90.934157
-13.92149,17,91.092114
-19.659971,16,91.552698
-26.441607,11,91.736746
-38.944527,6,91.856627
1.814513,22,92.090146
-35.572157,7,92.215789
-13.576945,14,92.403452
-31.434725,9,92.536417
11.073245,22,92.866413
-34.777709,8,93.080021
-38.22108,6,93.206737
-40.987268,5,93.356371
-36.970828,7,93.502245
-31.436059,8,93.671348
-27.96217,12,93.835607
-13.811381,17,94.088411
-34.545633,8,94.268484
-37.278098,7,94.40181
-28.453908,11,94.609245
-29.676747,11,94.73054
-16.493175,14,94.985547
-37.900889,6,95.117808
-28.958461,11,95.347548
-32.899639,9,95.478944
-30.987241,10,95.638829
22.601376,25,95.882805
-15.640776,16,96.130892
-31.557552,9,96.287417
-39.334277,6,96.424073
-24.9278,13,96.590498
-20.450043,12,96.786938
-31.969711,9,96.972144
-19.866451,13,97.161797
-38.370903,6,97.261125
-21.518812,14,97.484615
-27.596126,11,97.602172
27.689306,27,97.982926
-4.15224,19,98.235248
-20.890863,12,98.474586
-10.1264,18,98.703219
-39.101845,6,98.807119
-23.669652,13,98.998116
-26.766737,12,99.220962
-15.92407,15,99.439346
-17.229188,14,99.64052
-39.54105,6,99.816004
33.871883,27,100.070718
-40.433245,5,100.172472
-34.079738,8,100.376392
-23.30391,14,100.55263
-8.343408,17,100.733855
-22.149486,12,100.966619
-8.080265,17,101.260632
-30.850751,10,101.433986
11.627775,26,101.839838
-5.446531,16,102.082889
-15.705016,16,102.373432
-30.583139,10,102.680708
-33.090746,8,102.843216
-21.301178,13,103.075818
-0.551136,21,103.406309
-16.935626,13,103.664361
-25.774926,11,103.880747
-27.270721,10,104.034699
-31.710594,10,104.16859
-30.047736,9,104.380271
-13.627571,14,104.541625
-21.735683,13,104.766773
-36.074256,8,104.926505
-37.096881,7,105.069533
17.837111,29,105.306829
-33.340746,9,105.529277
-20.476723,13,105.679753
-15.40197,16,105.88618
-25.145687,11,106.006068
-27.661501,12,106.161382
-32.509934,9,106.289138
51.330663,34,106.609407
-19.247806,13,106.802366
-35.101371,8,106.945152
15.71063,28,107.121571
-38.512982,6,107.305423
-23.905664,11,107.440315
-4.093553,20,107.614663
-30.635821,10,107.741271
-23.323228,13,107.901626
19.996107,26,108.101458
-20.192975,14,108.376378
-22.430117,13,108.539669
-30.529743,10,108.724482
-0.002185,21,109.053882
-38.711421,6,109.198362
-13.904659,16,109.398699
5.86639,27,109.687949
-5.049505,17,109.970671
-27.486248,12,110.128634
-30.3018,9,110.304691
45.365994,36,110.540573
-37.077182,7,110.662731
-42.617756,4,110.8042
-43.186216,4,110.932467
-37.304162,7,111.110639
-37.226911,7,111.257584
32.612099,26,111.680641
12.285992,26,112.025672
-31.569288,9,112.186164
-28.436932,12,112.332562
-22.969535,13,112.580516
-29.507817,10,112.772626
-45.155615,3,112.876876
-12.159118,17,113.139924
-7.218529,17,113.348276
-23.689499,12,113.56285
-37.691424,6,113.700808
13.156098,22,113.910136
9.414666,29,114.148357
-37.841088,6,114.309516
-32.383478,9,114.513608
-27.414217,12,114.658434
-18.94182,14,114.89098
-37.009423,6,115.048307
-35.041945,8,115.260789
-26.238784,12,115.379807
-17.76944,13,115.579914
-24.165068,12,115.727991
-30.257919,9,115.908088
-11.541264,17,116.10741
22.621907,25,116.415394
-39.358998,6,116.544723
-30.391575,10,116.685611
-30.445763,11,116.828129
1.469211,20,117.158712
-37.534675,7,117.355035
-20.754582,14,117.611753
5.626601,24,117.865007
-19.713593,15,117.991464
-35.79411,7,118.164173
-15.742664,18,118.404647
-11.171039,18,118.62993
-8.718015,19,118.814589
-11.717402,16,119.011087
-22.594103,12,119.202859
-39.640758,6,119.341519
16.786547,26,119.714496
-37.563363,6,119.875085
-29.540707,10,120.038819
-28.1717,10,120.197291
-24.584101,12,120.319312
4.535241,23,120.563912
-38.885713,6,120.71885
-38.371931,6,120.885235
-40.836972,5,120.993596
-30.284067,10,121.193655
-20.60414,13,121.315274
-37.138004,7,121.491883
-24.848386,11,121.713449
-26.525028,11,121.870732
-31.560353,9,122.000662
-19.067545,15,122.276382
-20.641461,14,122.668326
-38.748475,6,122.848444
-28.320757,10,123.054345
-4.589396,19,123.258541
6.302805,25,123.658436
16.963844,32,123.864635
-29.550625,10,124.027098
-40.696664,5,124.154495
-22.70831,14,124.466497
-36.235064,8,124.641883
-29.291494,10,124.786929
10.154222,24,125.111774
-19.84404,14,125.270035
-38.741318,6,125.432596
-31.571261,10,125.573523
-15.137518,15,125.83928
-23.154211,12,125.994859
-25.324072,12,126.217328
64.024684,43,126.750091
-13.091705,16,126.978256
-34.111414,8,127.11129
-3.193017,20,127.400684
-26.947444,11,127.525975
-40.910517,5,127.691263
-15.484111,15,127.830293
-38.749157,6,127.979941
-20.796541,15,128.175731
-31.719349,9,128.308835
32.391327,34,128.648352
-43.211103,4,128.780389
-33.297567,9,128.9567
-21.716402,15,129.156902
-24.21931,12,129.31751
-24.008996,12,129.494084
-33.561006,8,129.677155
-37.204167,7,129.818074
10.5914,25,130.119426
-35.258334,8,130.313576
38.667877,37,130.653275
-31.106115,10,130.834675
9.269545,23,131.086692
-3.383941,19,131.401044
-10.417519,19,131.603932
-37.755788,6,131.749968
19.705821,30,132.198107
-5.992103,21,132.379314
-10.431109,20,132.545029
-19.384152,14,132.777202
-37.018044,7,132.936092
-39.040389,6,133.049383
-35.067834,8,133.215888
90.194109,50,133.822892
-20.509838,13,134.083246
-35.209521,7,134.21148
-26.750431,10,134.36854
-23.442191,12,134.549905
-9.488969,16,134.844296
-27.042043,12,134.994495
-23.681519,12,135.236166
-20.282297,15,135.438595
-27.760934,11,135.610684
-9.505679,18,135.808732
-16.601339,15,136.054244
-33.278261,8,136.228546
-28.995331,11,136.441395
-37.123271,7,136.540181
25.539126,33,136.763203
-25.71793,12,136.904528
-5.742732,18,137.082146
-13.630287,17,137.2939
-38.407216,6,137.455249
-9.903326,17,137.630917
4.853746,24,137.986913
-3.462442,18,138.30006
-11.437984,17,138.475135
-22.203191,12,138.63065
-25.445065,12,138.828923
-31.456795,9,138.971984
-31.142476,10,139.166736
-17.630485,16,139.430935
-22.841785,13,139.690272
-10.701587,17,139.964425
9.378577,27,140.313832
-38.585565,6,140.413373
-36.862514,7,140.603761
-31.027335,9,140.737584
0.142104,20,140.977941
-35.30954,7,141.107755
-5.40152,19,141.318372
29.7885,32,141.786066
-23.223061,13,142.02677
-38.923231,6,142.217188
-9.806258,18,142.538129
-40.591045,5,142.702644
-8.010476,19,142.892474
24.425956,30,143.2866
-28.620642,10,143.431025
-30.162487,11,143.638716
-18.951613,16,143.860568
-25.950994,11,144.04684
1.597531,22,144.327858
-33.45076,8,144.497812
-34.739149,8,144.6731
-32.538404,9,144.812541
-7.739335,16,145.060485
-32.206924,9,145.239078
-21.835057,14,145.41832
-4.918619,22,145.5941
-41.414556,5,145.762879
-34.805577,8,145.933555
-31.967159,10,146.08712
-35.879127,8,146.204249
-36.794948,7,146.392171
-4.250611,18,146.554173
-20.648196,14,146.766104
-21.719279,12,146.910291
37.26521,29,147.156962
-28.535562,11,147.278955
-28.160666,11,147.441735
-13.611525,16,147.662299
-43.57137,4,147.823712
-14.283814,15,148.098098
1.462609,21,148.400229
-33.357132,9,148.579462
-32.520342,9,148.727039
-13.070633,16,151.362574
-42.975415,4,151.475625
-29.542671,11,151.622868
-40.751346,5,151.763686
-39.015493,6,151.917731
-19.707041,12,152.166112
-26.420281,12,152.298383
-32.686606,9,152.492275
1.598672,19,152.731487
-30.987531,9,152.890731
0.592742,22,153.112312
14.131153,25,153.390518
29.164648,32,153.810764
3.152564,23,154.061518
-7.744611,17,154.245835
-31.524091,10,154.502269
-32.591368,8,154.668495
-19.55587,13,154.945492
-39.474119,6,155.319967
-36.994076,7,155.474212
-30.82988,9,155.650267
-39.88134,5,155.798278
2.281166,21,156.146876
-24.130917,12,156.392806
-34.151198,8,156.523462
-27.20384,12,156.684499
-33.368274,9,156.806283
-24.912561,11,156.99431
-24.44578,10,157.17525
-0.775651,20,157.429367
-39.864949,6,157.568233
-4.110561,19,157.902757
-19.805301,13,158.158978
-23.181235,13,158.366918
-22.621176,13,158.522452
-30.314559,10,158.707148
-30.018893,10,158.849265
-38.734346,6,158.995082
-27.773284,12,159.189102
-32.005059,10,159.337908
-7.106659,18,159.645758
-20.858669,13,159.84022
59.752617,35,160.269223
-34.743315,8,160.448305
-36.010459,7,160.57571
-28.902637,11,160.810551
-31.520675,10,160.940061
-20.65532,13,161.131914
-21.509267,14,161.269219
-11.077126,20,161.567287
-3.676227,20,161.830723
-33.517542,9,162.005227
-10.034089,17,162.220226
-15.159184,16,162.441162
-32.856194,9,162.585004
-13.698903,17,162.812982
45.079052,33,163.130107
-15.634665,16,163.410607
-34.894977,8,163.527852
-3.605885,21,163.732675
-26.147427,11,163.882788
16.137208,28,164.119472
-33.173095,8,164.260003
-25.862205,12,164.478239
-28.049175,11,164.627437
-14.38081,16,164.907515
30.399101,31,165.320826
-31.778325,9,165.448109
-29.26829,11,165.628396
-16.619259,17,165.933369
-19.615042,15,166.194032
-27.114428,12,166.399902
-35.587937,7,166.529677
-29.828573,9,166.655348
-38.878799,6,166.815033
-27.54927,11,166.943659
-35.888275,8,167.110523
-43.146904,4,167.282095
-38.923122,6,167.415745
-1.035654,19,167.565831
-39.135655,6,167.692526
47.363984,35,168.055963
-31.513375,10,168.267364
-40.857965,5,168.412268
-30.577076,9,168.562421
-38.75018,6,168.699674
-31.85154,10,168.818981
-30.554809,9,168.980192
11.891351,26,169.378723
-23.349791,14,169.591797
17.516618,27,169.930515
-25.72402,11,170.058926
-27.722612,11,170.276538
-19.769672,14,170.457235
7.966577,22,170.730015
-23.806683,13,170.965064
3.686377,23,171.347684
-3.966112,19,171.561237
-21.657506,13,171.732964
-26.583173,11,171.937437
-37.999715,7,172.112902
7.061336,25,172.33349
-36.071336,7,172.497601
-24.586147,12,172.722181
-33.175092,9,172.839535
-35.106914,8,173.003537
-30.161775,10,173.140775
-30.399488,11,173.304462
-1.648223,24,173.576304
-37.85994,6,173.714088
-19.521389,14,173.939871
-2.902122,20,174.274707
-21.701222,12,174.412198
-20.903786,14,174.570087
-18.597101,13,174.709272
-11.22418,18,174.950838
-30.048444,9,175.100906
-35.81244,7,175.285775
-9.819764,17,175.495385
-32.136057,9,175.628034
-24.319468,13,175.881781
-36.817181,7,176.059934
-11.587366,18,176.224605
-15.44721,15,176.369889
-41.141674,5,176.477481
67.944646,37,176.945086
-28.129409,12,177.094674
-36.13842,7,177.237493
-39.388752,6,177.399431
-32.742994,8,177.557415
-21.492607,13,177.820056
15.749841,26,178.000882
-27.413185,11,178.197497
-27.232602,11,178.322767
29.276466,34,178.724463
-24.022396,13,178.951806
-20.747502,14,179.167896
-30.363402,10,179.308458
-13.712959,16,179.573123
-1.753828,19,179.731137
-26.167528,11,179.855408
-20.016051,13,179.997114
-17.540392,15,180.224741
-3.25712,20,180.406655
-37.5129,7,180.55259
41.890222,45,180.915032
-30.813315,9,181.034628
13.595054,27,181.361538
9.579737,25,181.629391
-31.659918,9,181.799144
-13.184951,18,182.014569
-26.241691,10,182.181895
-37.583505,7,182.366111
-21.794855,12,182.523882
-33.035186,9,182.658108
-14.458235,17,182.928102
-0.105037,22,183.177773
-25.44699,11,183.319217
3.596553,23,183.568753
-3.615747,18,183.845211
-43.320653,4,183.982142
-25.025264,12,184.125104
16.588093,29,184.402264
-33.040125,9,184.589326
14.67037,28,185.155943
-31.885826,9,185.31773
-21.521285,14,185.450972
-40.706037,5,185.557602
-22.561356,14,185.691571
-24.266014,12,185.846571
-36.869006,7,186.005097
-27.255451,12,186.210213
-30.814994,10,186.352037
-34.775076,8,186.495553
-32.921925,9,186.704324
-28.434456,11,186.846568
-41.413935,5,186.976574
-28.414412,11,187.138332
-20.321293,16,187.363662
-34.539765,8,187.556324
-5.368109,18,187.788062
-23.907556,12,187.923162
-24.844237,13,188.146374
-28.780932,11,188.293523
10.933319,30,188.512126
-39.086558,6,188.672082
-32.518799,9,188.831496
-15.383421,14,189.043707
-30.564773,10,189.210654
-36.216529,7,189.378737
-36.856603,7,189.553432
-40.192235,5,189.710437
6.571077,23,189.943852
3.01883,23,190.205956
-32.485456,9,190.380154
-29.077826,9,190.49326
23.954717,29,190.907666
-23.057164,13,191.216789
-11.678285,18,191.446539
-27.71418,10,191.631466
-31.091895,10,191.851161
-40.714452,5,191.978736
-36.31807,7,192.110565
-39.068882,6,192.224934
-33.662903,9,192.434771
-35.470332,8,192.559716
-23.639009,11,192.75582
21.580397,33,193.035042
-17.782028,14,193.168177
-26.912485,10,193.349372
2.142377,23,193.587271
-33.091502,9,193.790123
-14.842653,15,194.068453
-40.845807,5,194.211477
-16.962856,15,194.450519
61.830804,46,194.791292
-31.933795,9,194.958679
-35.523613,8,195.095067
-11.916714,18,195.269288
-3.050161,20,195.585348
-27.80343,11,195.778417
-39.733062,6,195.896693
-20.083857,15,196.169558
-0.883814,22,196.466726
-39.116329,6,196.573259
1.538254,22,196.88113
-27.279751,11,197.104934
-37.070983,7,197.238544
-13.815904,16,197.496687
-22.585678,13,197.683499
-24.712481,14,197.878466
-31.345385,9,198.045109
-30.606997,9,198.227566
-25.976981,12,198.372146
-20.819744,15,198.652519
-33.61417,8,198.810986
-26.185788,13,199.042656
6.450767,27,199.361485
8.274959,28,199.752926
-29.607553,10,199.968043
-26.523596,11,200.157078
-6.372922,19,200.470844
-31.097697,9,200.676976
-24.3451,13,200.904271
-9.777316,17,201.049113
-27.245396,10,201.325454
-38.768195,6,201.500958
-3.526314,20,201.812934
-15.34664,16,202.079979
-27.188982,11,202.219765
44.200526,33,202.465306
-40.747256,5,202.584929
-14.725522,15,202.814729
-27.757413,11,203.036419
-29.219283,11,203.218078
-29.313836,10,203.425778
17.213878,27,203.842657
-34.825877,7,204.031058
-2.699316,20,204.189692
-18.480221,14,204.473858
-34.435055,8,204.665623
-42.627285,4,204.781681
-35.515778,8,204.957049
26.711347,28,205.243428
-11.788233,17,205.404689
-37.533837,7,205.588917
-17.970355,14,205.841048
-38.582715,6,205.990521
-6.256795,21,206.147966
27.808733,29,206.540044
-16.198799,15,206.820593
-35.46721,8,206.965253
-38.673046,6,207.105962
-34.978193,8,207.282838
15.281913,24,207.632027
-26.528451,11,207.779684
-31.835056,9,207.957247
-25.586801,13,208.089484
-0.719855,21,208.398299
-16.913057,16,208.588803
-14.874368,15,208.786364
-19.810068,13,208.932068
-20.880647,13,209.097397
15.603856,26,209.446015
-37.586555,7,209.583422
-39.709159,6,209.752346
-27.716924,11,209.910613
-22.060996,14,210.040515
-28.575822,11,210.270303
26.013659,31,210.664129
-26.071214,11,210.8704
-34.381339,8,211.010601
-30.54421,10,211.187582
-40.608178,5,211.339966
-8.076967,18,211.703808
-26.269576,11,211.930482
-28.64061,10,212.084845
-29.963322,10,212.202766
-28.597137,9,212.335432
-29.044129,11,212.467182
-6.276542,20,212.647422
-28.912125,11,212.806906
-1.937724,20,212.989073
-24.865322,12,213.163345
-33.791544,9,213.331286
-34.410859,8,213.501699
135.243837,68,214.027903
-29.762129,11,214.169406
-35.972254,7,214.329821
-1.369433,21,214.685988
-25.955123,11,214.905939
-34.364661,8,215.026316
-4.865278,18,215.206332
-27.774204,11,215.374736
1.08247,23,215.815238
-11.062987,17,216.090834
-32.808303,9,216.233633
-41.593249,5,216.386555
1.24683,23,216.64797
28.767165,33,216.947586
-19.493558,15,217.109778
-33.127053,9,217.294823
-9.441196,18,217.585518
-22.383746,13,217.762145
-37.44046,7,217.951048
-17.544752,16,218.191286
2.571195,21,218.405832
-20.069824,14,218.652579
-7.1679,18,218.909423
-18.128438,14,219.160008
-22.334334,14,219.388252
1.207212,22,219.625877
31.412867,34,219.996989
-35.10685,8,220.140561
-18.726967,15,220.311984
8.923425,24,220.497351
-22.818113,13,220.656011
24.311555,32,220.86777
-31.262426,10,221.054779
-2.808839,20,221.25515
-33.377392,9,221.411612
-15.532795,15,221.598028
-21.200068,14,221.840231
-18.771283,13,222.097143
-23.024868,14,222.291295
-16.547249,16,222.478485
-12.77284,17,222.759701
9.64472,27,223.108247
-26.553346,12,223.271798
-39.513649,6,223.38788
-11.338218,17,223.691689
-43.006642,4,223.79545
-27.626082,12,224.017542
-25.105639,12,224.213706
-19.492576,15,224.46176
-36.539256,7,224.623017
0.077963,22,226.171742
-14.925949,15,226.407954
-23.778091,13,226.534324
-36.133576,8,226.736803
-40.558441,5,226.861303
12.464044,33,227.298405
-29.796554,10,227.472448
-23.750977,12,227.703316
-23.357735,14,227.921046
-27.993242,11,228.03476
-24.567935,12,228.201853
-22.86302,12,228.353612
-15.511843,15,228.533164
-11.009233,17,228.690429
-31.828952,9,228.826522
-28.489392,11,228.962894
-19.797992,13,229.192906
-0.79442,22,229.432978
-8.170694,19,229.692873
-39.238624,6,229.856949
-41.675041,5,229.991974
-30.78473,9,230.18615
11.392763,28,230.50285
-30.250033,10,230.663022
-25.461999,12,230.835774
-12.748448,17,231.045588
5.292068,26,231.239769
-11.317584,17,231.523527
-29.538666,9,231.70042
15.580306,31,231.954527
-12.167888,18,232.146297
-32.01587,10,232.326133
9.257512,28,232.658603
-28.297882,10,232.80452
-10.848944,18,232.975609
-38.762674,6,233.160996
-23.058975,13,233.366894
-27.876244,11,233.513149
-15.976942,15,233.685803
-40.897258,5,233.813541
-24.655982,12,233.960241
-25.495196,12,234.225045
-18.788263,14,234.449837
-19.747433,16,234.609447
-25.675899,11,234.726151
-30.189042,10,234.8666
-5.68086,22,235.056913
-30.397073,10,235.286003
-37.857975,7,235.422807
34.013502,39,235.935962
-27.333375,11,236.092189
12.253712,25,236.526634
5.112665,22,236.730956
-34.967444,8,236.857605
-45.248945,3,236.975157
-30.989554,10,237.100496
-39.168529,6,237.225496
-25.803616,13,237.422775
-41.430786,5,237.595868
-7.196518,20,237.776105
-20.790592,14,237.966655
-39.787201,5,238.096234
-36.226772,7,238.247117
-6.823988,21,238.454136
-6.713671,20,238.771373
-39.210516,6,238.890946
-5.714705,21,239.136648
-33.630116,9,239.292832
-34.023274,8,239.434316
-16.805629,16,239.586088
-28.833157,11,239.75483
-36.145522,7,239.922292
-40.728984,5,240.065109
-40.279358,5,240.174756
-22.447121,12,240.407931
-13.909176,18,240.584459
-12.266355,17,240.760414
-18.546762,14,240.997565
-18.911542,13,241.147158
-24.234129,12,241.330535
-2.977424,21,241.625107
-38.540687,6,241.751376
-29.994838,11,241.889872
-33.54743,8,241.996209
-23.565785,12,242.140768
-4.615006,21,242.291509
-15.314704,17,242.600893
-41.19443,5,242.702702
-28.366698,10,242.940636
5.330776,24,243.2578
-14.063264,16,243.516862
-29.836612,11,243.63209
6.024051,27,243.898183
-30.133467,10,244.046817
-37.125016,7,244.190365
-27.815731,12,244.409955
-36.098912,8,244.547868
-9.481639,19,244.716063
-35.102024,8,244.888616
-16.454853,16,245.046021
-24.621039,12,245.194255
-25.956331,11,245.352068
-19.104319,15,245.647581
-31.798365,10,246.058806
-35.302899,8,246.191111
-42.941129,4,246.339475
-13.195496,19,246.606735
34.106753,31,246.967822
-22.854057,11,247.181087
-22.507206,14,247.415304
-34.950845,8,247.595288
-29.946772,10,247.733419
-41.360827,5,247.873492
-25.287782,11,248.024928
-4.871791,22,248.355178
6.212009,23,248.703189
40.388135,37,249.114778
-31.126132,10,249.325125
-23.763689,13,249.491782
-35.52681,8,249.704547
60.490944,38,250.133245
-37.571519,7,250.327669
29.901935,34,250.568697
23.149106,36,251.080318
-35.160674,7,251.185061
-39.444485,6,251.341686
-37.54422,7,251.528114
-34.168257,8,251.693238
-10.134739,18,251.912797
-24.070326,13,252.087502
-8.317989,18,252.380385
-23.164403,12,252.497369
28.772359,27,252.868833
-5.35911,18,253.199354
-18.148803,16,253.383714
-23.397895,13,253.604237
10.343452,28,253.824103
-32.661954,9,253.96495
-9.352692,21,254.271016
5.274117,24,254.517137
-21.279829,15,254.683603
-31.575822,9,254.820167
-25.780334,13,254.951013
-5.397208,21,255.174232
-37.396351,7,255.291949
-19.247326,15,255.502284
-37.714652,7,255.622171
-38.788418,6,255.755616
-27.901952,11,255.916402
0.362182,24,256.226239
-3.9243,22,256.596058
-40.23285,5,256.704824
-30.498382,10,256.934231
-3.742209,19,257.172268
-28.75358,10,257.341461
-26.574256,12,257.53582
-19.711936,14,257.805834
-34.004819,8,257.958018
-28.249583,11,258.166927
-16.292272,14,258.44111
-28.590827,10,258.652712
-37.325691,7,258.846954
1.302271,23,259.026343
-36.636391,7,259.195733
-32.174851,9,259.365363
-3.627656,22,259.649413
-19.641321,15,259.835097
-33.217859,9,260.052916
32.827189,37,260.386394
-30.713483,10,260.583681
-1.643811,22,260.89747
-3.713239,22,261.181406
-0.764148,22,261.471112
-32.313389,9,261.589583
-22.110252,13,261.77968
9.913016,28,262.186928
-19.696661,15,262.378148
-14.936616,18,262.678948
-35.495214,8,262.836483
53.080741,41,263.282849
-9.534105,18,263.542015
-8.405877,18,263.736618
-19.127607,14,263.905856
-19.528809,16,264.113234
21.856333,30,264.418592
4.26453,24,264.713747
-34.217904,8,264.862505
-38.645226,6,264.988156
-1.758769,23,265.295876
-19.404849,16,265.504838
-41.165861,5,265.65918
-22.047499,13,265.814094
-39.327821,6,266.000177
14.186345,26,266.213551
-39.331101,6,266.391293
-39.069488,6,266.505054
-13.872297,16,266.773397
-36.681807,7,266.935094
3.616698,23,267.215519
-34.813933,8,267.325619
-26.357662,13,267.600141
2.021464,22,267.952056
-0.71918,23,268.163639
-33.399888,9,268.340907
-18.284549,16,268.518089
45.050728,36,268.970406
-7.21666,20,269.149465
-17.232685,16,269.388141
-24.350776,14,269.649372
2.506102,24,269.853816
-20.229761,15,270.060818
-38.481044,6,270.255018
52.400841,43,270.528367
77.026535,40,270.959971
-39.581831,6,271.062211
-5.336856,20,271.254739
-12.015684,17,271.546498
-8.569531,20,271.81402
-29.734638,11,271.94813
-27.372325,11,272.115482
21.896875,30,272.421528
-31.018296,10,272.616071
5.708478,24,272.783839
-33.682753,9,272.941822
-23.033584,14,273.141645
-41.021169,5,273.299639
-22.83682,14,273.455087
-13.996154,18,273.686818
-19.370632,15,273.940804
-39.174209,6,274.113643
-39.37696,6,274.251605
1.332761,21,274.545547
-32.908946,9,274.991127
2.595351,24,275.341339
-22.439423,15,275.502557
-11.10623,19,275.721561
-0.165253,20,275.947919
-31.68201,10,276.122157
-33.722515,8,276.292036
-38.979244,6,276.413981
68.340205,46,276.830639
40.177821,35,277.328624
-37.425708,7,277.471435
-17.935245,15,277.742422
-27.095698,11,277.961105
-1.997831,20,278.177348
-30.951706,9,278.320033
-41.061861,5,278.467865
-3.537825,21,278.71339
-29.616424,10,278.94969
3.231053,22,279.132628
-4.509624,22,279.388654
8.450562,27,279.646733
-38.968306,6,279.815236
5.667599,24,280.112925
-6.185238,21,280.400223
-24.157203,13,280.641854
-33.380059,9,280.811397
13.51347,26,281.10492
-40.927536,5,281.244691
-35.70002,8,281.389109
-33.227872,8,281.532522
-35.385566,8,281.729741
-19.967797,13,281.895879
-32.192377,9,282.035643
-37.0187,7,282.238956
-27.833295,11,282.395826
-33.656016,8,282.525725
0.139936,22,282.722081
-23.334617,15,282.899462
-24.146753,14,283.055271
-39.978058,5,283.221094
-24.430944,13,283.371252
-30.063705,10,283.592772
-37.670741,7,283.72436
-28.21958,10,283.902045
37.748881,32,284.108179
-25.600055,13,284.299255
-14.4292,18,284.506128
-24.372735,13,284.681268
-14.249675,17,284.854147
13.614848,24,285.153663
-41.75967,5,285.274346
-36.225218,8,285.463587
-31.867574,10,285.671599
-19.720016,14,285.821884
-26.645258,12,286.029002
-33.230262,9,286.277695
39.169834,39,286.759685
-22.85823,13,287.010321
-21.861369,14,287.274889
-29.070475,11,287.509215
1.81685,22,287.664254
-20.725113,14,287.940783
-18.049589,16,288.093168
-41.057173,5,288.257515
-4.508705,21,288.407544
-36.891654,7,288.575574
-27.74497,12,288.809891
-31.880519,9,288.990704
-36.494151,7,289.152404
-32.721771,9,289.347967
-24.911689,12,289.559142
-12.014411,17,289.748748
-19.410944,15,289.898582
-25.46398,13,290.081359
-32.388468,9,290.275416
-30.526862,10,290.473303
-29.942486,10,290.606239
-5.370083,18,290.772438
-30.244034,10,290.981159
-38.892593,6,291.114628
-9.719701,19,291.297707
-33.11504,9,291.441972
-22.147173,13,291.717953
-33.852226,8,291.866373
-5.535902,21,292.209907
-37.288725,7,292.40062
-39.170303,6,292.523657
-9.7297,18,292.765227
8.376878,31,293.234412
-28.894078,10,293.393803
-32.103903,9,293.518832
-34.219456,8,293.714254
-22.223342,14,293.907331
-36.196936,7,294.028404
-22.073021,14,294.227718
-5.110437,20,294.392225
-35.581683,8,294.550022
4.010343,24,294.850672
-10.154014,19,295.164942
-27.826651,10,295.347794
13.446853,30,295.572688
-11.213207,17,295.756353
-7.693844,19,295.906179
-32.537927,8,296.025644
-28.7215,12,296.175874
-21.717329,14,296.351639
-5.318453,20,296.657557
-39.508266,6,296.773573
-27.343479,12,296.963099
-24.962538,13,297.20535
-23.923469,13,297.416989
-26.896476,12,300.695084
-41.823949,5,300.852256
-18.812369,15,300.996869
-37.139566,7,301.180085
-20.458225,15,301.423626
-34.27778,8,301.56675
-18.112512,16,301.734757
-26.714106,12,301.998951
-25.170605,12,302.17448
-39.346657,6,302.35403
-10.158518,19,302.678411
-38.737256,6,302.806598
-19.775229,14,303.103428
-34.464935,8,303.23389
-10.509286,20,303.394694
-43.561377,4,303.525381
-40.593668,5,303.668793
-27.472602,10,303.835056
13.239724,31,304.136191
-7.14368,19,304.386832
-1.174057,22,304.699464
-39.451323,6,304.851166
-37.565507,7,305.138374
-33.075918,9,305.26809
-17.479041,16,305.578465
-31.051453,10,305.775028
14.351286,28,306.002166
-40.798114,5,306.149701
-26.481177,12,306.409357
-30.030093,11,306.618022
-13.91191,17,306.94576
-2.79964,20,307.177206
5.147501,30,307.604211
-25.407377,12,307.774589
-34.538651,8,307.967836
-37.826856,7,308.155377
6.539626,26,308.712155
-25.365068,12,308.913146
-2.005129,21,309.258963
-18.345408,16,309.436198
31.330982,30,309.699108
-0.689074,26,310.028584
-19.344201,15,310.329902
-1.507535,23,310.647299
-10.73672,19,310.866928
-11.78162,19,311.161917
-9.766856,19,311.366483
-33.512175,9,311.507377
97.050274,59,312.053002
-33.00737,9,312.199814
-5.906062,21,312.433989
-23.808909,12,312.641109
-15.33521,15,312.802282
18.556657,33,313.236659
38.864015,42,313.753294
4.103109,30,314.175766
-3.104813,23,314.47851
3.468487,28,314.916348
53.280954,43,315.463869
-6.943993,19,315.716847
-34.861186,8,315.918804
55.291922,45,316.448571
10.305803,27,316.825394
-25.541882,11,317.058859
-31.228598,9,317.246963
-31.024319,10,317.460537
-28.971381,11,317.617243
-24.132771,13,317.743032
-31.054902,10,317.925976
-29.685555,10,318.126372
-28.644564,10,318.301397
-21.643905,13,318.465864
-25.475844,12,318.650718
22.116907,31,318.907835
-21.725644,15,319.212758
-21.568311,13,319.421466
-43.121984,4,319.573363
-34.81317,8,319.686435
-31.172842,10,319.846322
-33.236584,9,320.027533
-24.00462,12,320.227378
-23.876751,12,320.392445
41.578049,39,320.995458
-16.754747,15,321.274542
-30.772177,10,321.491654
-41.133507,5,321.685929
50.731425,37,322.147101
-15.660673,15,322.35888
-33.815565,9,322.49492
12.465814,26,322.881777
-32.628179,9,323.070636
-7.75593,20,323.386935
-23.342623,14,323.625171
-26.947191,10,323.806538
29.864837,37,324.159016
-3.079891,22,324.360221
-8.047508,21,324.685417
-31.704199,10,324.832749
-19.174673,16,325.129626
-17.958663,15,325.349214
-40.695769,5,325.481571
-31.948426,10,325.652409
-6.264794,22,325.967868
-21.548857,14,326.226063
-2.638699,22,326.380946
-5.543872,20,326.645857
-36.79625,7,326.811909
-37.441399,7,327.016489
-10.25572,22,327.336843
-13.913897,18,327.634571
-37.786683,7,327.768786
-31.910503,10,327.964664
3.323277,25,328.213372
-30.111131,11,328.445281
-34.12588,8,328.629481
-14.726269,18,328.821816
-29.499753,11,328.958716
-31.446982,9,329.13032
269.705598,107,329.935921
-30.732181,9,330.15542
-21.409639,15,330.404164
32.622617,35,330.913561
18.858391,28,331.328982
-20.445529,14,331.542394
-11.821372,16,331.719959
-12.494895,20,332.062902
-17.828181,16,332.353226
-18.463447,15,332.518465
-27.8051,12,332.720927
41.610211,39,333.217092
-35.771912,8,333.402423
-16.154437,17,333.555082
-14.461227,17,333.741263
-29.863461,11,333.931489
-33.053702,9,334.111644
-33.520839,9,334.305886
-19.807004,16,334.587608
-21.128864,15,334.784278
-26.710276,13,335.03108
-6.610917,21,335.318663
-29.04953,10,335.553758
-33.914214,8,335.678228
4.29048,22,335.976728
-12.470398,17,336.261859
-21.004063,14,336.422972
18.746937,32,336.68447
-22.68698,13,336.962953
-36.145567,7,337.065684
9.114388,28,337.403169
-17.1871,17,338.008739
-33.025438,9,338.160944
-31.424728,9,338.363896
-17.04965,16,338.607695
13.913011,30,339.090126
25.319049,33,339.608614
-30.284585,10,339.810156
-30.541301,11,340.055723
-36.13998,8,340.193838
0.005892,22,340.580566
-23.199073,14,340.82353
-18.425919,16,341.108993
-39.141181,6,341.259616
-12.721098,18,341.529853
-29.603015,11,341.705601
-0.127039,21,341.897241
-26.620563,12,342.082506
-27.950065,12,342.23956
-3.19386,24,342.500559
-35.054518,8,342.667735
29.997988,37,343.053976
-1.577647,22,343.269753
-32.478668,9,343.446498
-36.194897,7,343.609947
-26.378047,12,343.784374
14.376621,27,344.022795
-21.311502,15,344.225869
-2.890047,22,344.470954
-14.843936,16,344.697629
21.471836,36,344.985346
-31.619854,9,345.217768
-21.408191,12,345.44225
-28.850485,11,345.638394
-14.730036,17,345.91575
-37.963203,7,346.083659
-33.457516,9,346.277862
29.967161,36,346.585322
1.921957,22,346.7877
-28.637947,11,346.995328
-25.921723,12,347.136035
-25.959319,12,347.354431
-9.59054,20,347.691103
-31.825477,9,347.910319
-23.635115,14,348.173428
-21.59915,13,348.315841
5.401131,26,348.737912
-29.801481,10,348.931571
-33.480758,9,349.17395
22.222777,32,349.599318
-9.963786,19,349.831259
-36.475951,7,349.982323
-31.557419,9,350.196651
19.27255,31,350.471461
0.1814,22,350.656719
-5.092881,25,350.847616
-14.559997,17,351.065542
-4.247936,22,351.241163
-43.065886,4,351.363924
-17.336678,16,351.52452
-20.843354,13,351.749648
4.992696,27,352.199306
-0.025266,23,352.535012
28.944408,34,353.046212
-4.53478,22,353.433942
-31.488164,9,353.662873
-18.914126,16,353.887795
-26.583047,12,354.133486
15.314028,31,354.502735
42.845926,35,354.79809
3.205321,27,355.068504
20.753854,37,355.540933
-22.651006,14,355.779311
-15.048493,17,356.04737
-26.431846,11,356.213194
-41.47842,5,356.33979
-37.352902,7,356.491793
-32.006572,10,356.680159
-36.804358,7,356.852157
-7.061611,19,357.0173
-15.968097,16,357.246391
-3.398596,20,357.502071
-21.108084,13,357.727955
-30.602479,10,357.918034
-20.53945,13,358.169563
-13.164542,19,358.362095
-13.074389,19,358.613876
-30.341267,10,358.814018
-36.570021,7,358.930859
-33.536133,9,359.075081
-41.521503,5,359.180957
-38.864664,6,359.328685
20.433121,33,359.565856
-18.581772,14,359.753713
28.105391,35,360.252314
-2.419357,22,360.607625
-6.240029,21,360.814417
-25.030705,13,361.000526
-7.635244,21,361.253983
-32.893454,9,361.439634
12.607013,32,361.684387
-7.313571,20,361.831089
-0.156906,23,362.062846
-43.028438,4,362.199965
-23.931055,14,362.412429
-20.365567,15,362.672438
3.518911,25,362.985648
41.241988,40,363.543076
11.143605,27,363.900523
20.669515,35,364.28252
-18.684964,15,364.583885
-23.004437,13,364.759288
-25.105837,13,364.961062
9.084504,28,365.256664
-32.142577,9,365.431843
-8.798961,19,365.775887
-37.281564,6,365.935977
-27.582627,12,366.114286
-15.010334,18,366.413038
-19.727478,14,366.623025
-33.977096,9,366.782226
-26.066371,12,367.22
-21.830698,14,367.422773
-16.719295,17,367.710387
-25.398046,14,367.966779
-33.872634,9,368.166602
3.133346,25,368.502009
-39.529392,6,368.680678
-39.354371,6,368.852093
3.358362,27,369.292631
-24.788661,13,369.447815
4.893804,26,369.81352
3.149257,25,370.155854
-39.169757,6,370.316797
-19.96418,14,370.534519
-36.030154,8,370.703758
-33.728621,9,370.941574
-29.045073,11,371.118184
-31.430152,10,371.274055
-28.635108,12,371.494649
2.586153,25,371.662246
-39.510309,6,371.818425
-34.124851,9,371.953083
-17.548549,15,372.254144
-33.766005,9,372.386314
29.295005,36,372.70802
-1.555468,22,372.918122
-32.473826,10,373.078803
-31.833752,10,373.289843
-10.941582,18,373.512511
3.230506,26,375.453656
-32.015711,9,375.667579
-30.173039,11,375.884233
-25.172924,13,376.137335
19.709756,30,376.473637
0.909292,25,376.744928
-4.85705,22,377.063143
-33.985026,8,377.171399
-39.440105,6,377.347386
-25.493465,13,377.487299
-35.16448,8,377.661023
-20.14045,15,377.926451
-39.51196,6,378.071142
-38.753502,6,378.206679
-14.255267,18,378.508566
-9.109023,22,378.817018
11.900786,30,379.088415
-9.779054,21,379.368778
-0.981574,28,379.544056
-34.552552,8,379.74748
-35.968207,8,379.925083
4.297621,26,380.308361
-31.288224,10,380.505846
-21.889565,15,380.732313
-33.078767,9,380.908807
-8.835375,20,381.097187
-9.316072,20,381.274844
-27.830653,11,381.396248
-26.61865,12,381.562848
-13.336374,19,381.837227
-40.017558,6,381.970073
-14.77926,18,382.247236
4.538611,28,382.568643
41.028157,40,382.976431
-20.906377,13,383.179857
-35.310304,8,383.301894
-25.19783,12,383.470989
-1.573154,23,383.665107
-35.227577,8,383.86627
0.842502,23,384.12297
-22.281306,14,384.412781
-28.297738,12,384.534825
35.32778,40,385.152464
43.533868,36,385.525828
-29.102897,11,385.71715
-39.640529,6,385.861362
-30.979924,10,386.0801
9.692613,27,386.444892
-32.065618,10,386.579549
-5.091964,21,386.765398
-30.369678,11,386.936114
5.943963,25,387.429638
33.300924,37,387.785784
-34.500195,8,387.981145
-5.009356,23,388.290982
-16.346494,16,388.501447
48.010447,40,389.048225
-3.825246,24,389.222013
-25.807154,13,389.366507
-30.18149,10,389.4969
-2.27658,24,389.74797
10.945857,26,389.994948
-29.78557,11,390.211589
-30.332058,10,390.385276
-33.671346,9,390.559735
-24.316794,14,390.742274
-3.725792,23,391.090863
36.62912,40,391.622354
-34.912483,8,391.799407
-32.355984,9,391.930668
-36.871032,7,392.08599
-13.027578,17,392.249669
45.958138,42,392.478782
-30.969352,10,392.669838
-12.040502,19,392.938881
-32.826895,9,393.080608
-8.245958,22,393.428373
-14.131374,20,393.644012
-30.172261,11,393.820041
28.831219,40,394.033343
-17.930596,17,394.316856
-33.803519,9,394.473771
-39.486985,6,394.655136
20.750259,30,394.866128
-16.550143,17,395.088276
-23.49528,13,395.330227
-21.107441,15,395.605718
-38.811089,6,395.741232
-23.996598,14,395.900818
-27.063798,11,396.081354
7.484322,28,396.511144
-24.993509,13,396.735006
-28.792536,12,396.888732
-29.595387,11,397.052997
-19.113601,14,397.463934
-5.04937,23,397.770908
-30.380187,10,397.933394
38.110548,41,398.464362
-9.14843,22,398.712172
53.898035,47,399.24657
-27.041057,12,399.473313
-35.726528,8,399.659441
69.123689,47,399.996679
-26.094973,13,400.191106
-7.075551,23,400.496432
4.836939,27,400.773558
11.405816,31,401.236456
-23.696926,14,401.455261
-27.905277,12,401.604473
-25.25001,12,401.777029
-15.545114,17,401.956323
-15.871085,17,402.264314
-34.953102,8,402.462818
-31.675983,10,402.639772
-39.284719,6,402.796288
10.04239,31,403.085444
-41.364386,5,403.191098
17.817119,31,403.568321
-31.640157,9,403.727943
56.999575,44,404.244888
-37.202629,7,404.428513
26.676213,32,404.873426
18.206565,35,405.30867
-35.310429,8,405.474959
-20.946222,16,405.758275
-35.882531,8,405.92899
-12.761827,19,406.100866
-32.188083,9,406.321203
17.812823,31,406.722747
-38.791926,6,406.891276
-39.706381,6,407.022847
68.474765,54,407.483238
2.096581,24,407.893444
-5.101552,21,408.100128
-19.364715,15,408.360192
-29.69532,11,408.52646
-22.01232,15,408.727429
11.440114,31,409.041925
58.016214,49,409.365358
1.055106,26,409.543817
-19.675895,15,409.677242
-39.147702,6,409.838183
-14.414757,17,409.981802
-13.391671,17,410.155449
-9.310595,21,410.399735
-1.901635,25,410.659867
-30.520851,11,410.858655
8.707229,24,411.132459
-36.104299,8,411.255588
-10.487231,19,411.534431
0.228657,25,411.836648
-7.898526,18,412.119376
72.667629,59,412.915495
-14.481373,19,413.080068
-27.671036,12,413.266624
1.454307,25,413.502932
7.316895,29,413.788407
-27.190278,12,414.029841
34.093624,38,414.555468
-35.325282,8,414.73131
66.315971,46,415.023989
-23.2929,15,415.259515
20.165448,34,415.605193
-41.519405,5,415.743165
-4.749185,20,415.945428
-16.231664,18,416.203806
-22.621946,14,416.457392
-19.728573,14,416.611078
-34.613995,9,416.767333
15.778277,31,417.234635
28.301133,35,417.615674
1.89686,24,417.7674
-2.521631,25,418.11459
-34.966401,8,418.235795
-42.99317,4,418.376432
-24.78716,13,418.607313
-8.517641,21,418.940674
34.875966,37,419.47138
-26.037076,12,419.615701
-26.420086,13,419.862917
106.659808,78,420.404707
13.212168,28,420.598451
-12.024312,18,420.898255
-37.551734,7,421.026901
26.375277,32,421.473967
-28.847772,11,421.654092
-13.565758,18,421.854861
29.159445,42,422.275553
24.293147,39,422.561575
-26.086189,12,422.81094
-7.81576,25,423.436192
-19.316415,15,423.654335
-31.618797,10,423.769274
-16.697998,15,423.926981
-26.174152,13,424.138879
-35.881833,8,424.303317
-3.094256,22,424.580904
0.657051,29,424.84722
-39.504621,6,425.006098
-28.579048,11,425.215211
19.030457,32,425.714767
-30.052965,10,425.868281
0.107898,24,426.064752
-37.504089,7,426.23668
-35.32316,8,426.432038
39.718633,41,426.674739
16.238165,29,427.073135
-10.314143,20,427.36792
-21.370563,14,427.596113
-23.339573,15,427.760369
-0.387942,25,427.982238
-21.481748,15,428.223228
-10.385097,20,428.563272
-18.81048,17,428.836295
-28.274066,11,428.996047
-11.079962,16,429.294938
-35.363546,8,429.413364
-12.231057,19,429.807949
4.324919,27,430.009998
-24.071247,14,430.267635
-31.203687,10,430.427867
15.415346,31,430.68779
-30.570036,10,430.821986
-33.391159,9,431.012958
75.530335,55,431.475603
-21.370727,14,431.645376
1.181851,23,431.975829
-16.746136,17,432.127554
1.9426,24,432.485551
-30.67571,11,432.659556
-39.560105,6,432.800014
2.09161,26,432.980469
77.379227,54,433.608481
-35.291095,8,433.727473
-30.623277,11,433.864453
-34.388507,9,434.053976
-22.314947,15,434.242147
-21.412529,15,434.440456
-21.671461,15,434.633712
31.86613,35,435.159215
-29.237166,11,435.284068
-27.826406,12,435.464197
-33.587605,9,435.603629
29.825649,30,436.039722
12.207707,30,436.227938
4.810076,27,436.636876
2.506993,24,437.014887
-31.370824,10,437.18377
1.758094,24,437.495296
-3.678911,23,437.712439
-16.085568,16,437.866355
-20.459883,14,438.024426
1.597959,23,438.336309
-8.924232,20,438.566406
13.971855,29,438.84335
-8.381929,21,439.186572
-32.580513,9,439.300584
-26.861871,12,439.487567
-7.948638,22,439.706064
-29.344302,11,439.88746
-26.775407,12,440.044212
31.866246,38,442.267563
-12.008887,19,442.501623
-5.639301,20,442.680884
-31.719097,10,442.85436
-23.994319,13,443.042745
-5.782536,22,443.3009
4.26426,27,443.647381
-21.79049,15,443.882838
-25.702625,12,444.04291
-27.391195,12,444.192258
10.69754,25,444.587132
-19.343033,17,444.781672
-18.263634,16,445.007738
-11.08787,17,445.290317
-27.524665,12,445.513284
-16.136816,17,445.665584
-14.061786,18,445.907411
10.579803,27,446.156845
-37.941129,7,446.349887
-22.81138,14,446.565775
31.695506,41,446.792026
9.008625,28,447.061333
0.644226,25,447.299925
-26.924792,13,447.521834
-28.78647,11,447.655077
-30.334283,11,447.816225
-31.61441,10,447.969416
-17.318086,17,448.216741
-9.689024,21,448.439297
33.41537,40,448.915508
-35.517782,8,449.098047
60.113414,47,449.436576
-8.472232,20,449.751858
135.618983,80,450.127559
7.91116,26,450.653291
41.107099,38,451.196411
35.073329,39,451.503214
-2.209373,25,451.725892
34.14974,34,452.134511
-18.394798,16,452.324741
23.372403,33,452.763378
-37.609173,7,452.927192
7.128959,25,453.134706
73.38904,44,453.759849
-39.769595,6,453.873876
-28.903346,12,454.080222
-31.070546,11,454.296918
-21.088426,15,454.558133
1.422127,27,454.81547
-20.565759,15,455.091086
-27.641317,12,455.287211
-15.617903,17,455.588914
-32.584371,9,455.737515
3.572424,26,456.097818
-30.201437,11,456.27241
-25.946811,13,456.532489
-34.216884,8,456.648019
-40.906115,5,456.814409
-9.533298,20,456.969698
-16.58466,18,457.275643
-9.201442,23,457.644728
-35.613736,8,457.815788
-21.60011,14,458.048232
-12.025508,20,458.380689
-3.115312,24,458.760561
13.046482,28,459.000406
-23.2963,13,459.142988
-18.483064,16,459.306016
-39.282639,6,459.466321
-14.048817,19,459.696369
1.818134,25,459.88468
-16.160907,17,460.045703
-14.829646,18,460.23121
-12.236966,21,460.500988
-13.627845,18,460.710631
-9.247398,19,460.901547
-26.861378,12,461.128978
-16.617923,17,461.385926
-5.417807,24,461.598285
-30.522986,11,461.805886
-8.648285,20,462.093548
-39.393589,6,462.207416
-21.143048,14,462.362368
-25.121351,13,462.626721
-16.477896,17,462.92503
28.508972,31,463.140686
-35.988308,8,463.305379
-10.491697,21,463.640842
-19.039442,16,463.809094
-10.879484,19,464.000878
-33.999518,9,464.163105
-1.549623,22,464.410151
23.429289,30,464.81368
-3.834305,24,465.048266
-5.909925,23,465.434539
-19.288041,17,465.637834
24.587993,37,466.042582
-16.305634,16,466.214392
-13.914436,18,466.418224
19.927653,33,466.876907
-10.986077,17,467.105822
1.687559,24,467.408053
20.847087,34,467.865689
-16.471716,20,468.200321
-24.287453,14,468.437349
-38.863853,6,468.59033
-27.508983,12,468.827443
-35.702093,8,468.995062
-27.865319,12,469.201205
-29.261646,11,469.377921
-35.732742,8,469.508369
-24.734771,14,469.677521
106.182132,56,470.26017
-29.317383,10,470.438375
-27.833696,12,470.637297
-17.662333,17,470.904559
-13.504359,18,471.093234
-15.855157,18,471.294748
7.619658,30,471.540822
18.676056,34,471.934386
38.445698,41,472.419682
0.138475,23,472.625686
-1.612184,24,472.961943
-34.844681,8,473.112605
-0.590394,23,473.351568
-37.777243,7,473.528433
-26.277922,12,473.673909
-26.753626,13,473.856426
40.325423,46,474.404496
0.96062,23,474.59296
-35.434679,8,474.70906
-35.811288,8,474.901395
-28.581938,11,475.058273
-19.478381,14,475.185117
-38.176545,7,475.354689
-8.644186,20,475.515478
-19.74973,16,475.819594
-30.117172,11,476.013584
-34.709831,8,476.141131
-28.678908,11,476.37396
-7.011418,21,476.624119
32.524362,35,476.983077
15.573183,31,477.373145
-34.353589,9,477.823217
-11.684303,19,478.08352
16.226354,30,478.295301
10.671469,25,478.525781
-29.239259,11,478.748802
-34.035109,9,478.878131
-37.936011,6,479.003598
-32.208712,10,479.12323
-25.407671,12,479.305123
-39.725138,6,479.436343
-29.358197,11,479.647266
-22.913143,15,479.788357
13.484445,30,480.182635
43.901283,44,480.512887
-33.242003,9,480.651041
55.01949,52,481.323951
-41.572143,5,481.480483
46.831527,47,482.102574
96.891828,54,482.488764
-15.539409,16,482.69823
-25.98195,13,482.853731
4.319197,25,483.056509
40.283873,37,483.301933
-10.058044,20,483.575957
-11.981545,19,483.885993
-30.645128,10,484.070394
-1.243025,26,484.274695
-23.230561,15,484.53065
-26.487538,13,484.753023
-39.649185,6,484.898416
-34.363457,9,485.067578
20.291309,36,485.469592
-18.648911,15,485.683622
-24.528084,14,485.878967
-15.483161,16,486.092477
-26.744519,13,486.336397
-11.083223,20,486.557847
-37.676852,7,486.696816
-17.545648,15,486.832606
-12.533925,17,486.995502
-15.957849,17,487.263596
-14.334861,16,487.461879
16.741889,30,487.758928
-8.697962,21,487.986792
-26.840488,13,488.185614
-36.268769,8,488.359004
-27.731673,12,488.554676
-9.42513,22,488.761137
-21.594419,15,488.906526
-25.198106,14,489.052924
-32.165339,9,489.226476
-26.623559,13,489.44838
-24.729216,14,489.699051
-37.696956,7,489.849049
17.464306,32,490.097249
-38.425556,6,490.21269
-8.719008,19,490.38012
35.400948,39,490.942335
-8.008595,21,491.21716
4.746664,27,491.480125
-0.030184,31,491.836775
20.531684,32,492.065132
-10.369974,21,492.392747
-37.155687,7,492.570041
22.321785,32,492.756464
-16.506411,17,493.078014
-16.056736,18,493.231628
-19.783497,16,493.478378
11.51378,29,493.729011
-28.174968,12,493.925903
-28.595671,12,494.116203
-30.395952,10,494.269427
-36.909891,7,494.428056
21.604978,31,494.621603
-21.198919,16,494.839873
17.556919,34,495.158582
-30.536261,10,495.347993
-2.139047,21,495.5288
-18.867884,16,495.736819
151.085669,73,496.682051
-15.761939,20,496.86081
-31.591811,10,497.066892
-37.737466,7,497.215309
1.457183,27,497.522505
-16.749547,17,497.675473
-1.579521,26,498.077924
-19.601425,15,498.350228
-33.558942,9,498.47064
-32.194476,9,498.597137
-3.743784,25,498.990884
-27.498516,12,499.135401
10.467119,25,499.31181
-18.872356,17,499.514179
12.713095,31,499.755478
-23.625961,14,500.005656
-32.776241,9,500.215392
-29.959403,11,500.342312
31.269973,44,500.912723
-17.86353,15,501.169268
-9.716721,18,501.423083
-24.565676,14,501.645204
-30.722521,10,501.783373
-24.305126,14,501.990401
-15.471276,17,502.142223
76.396169,66,502.45477
20.673336,39,503.195084
-37.449464,7,503.313195
-39.039898,6,503.492753
-12.579098,18,503.800843
15.139387,32,504.184547
12.380145,37,504.575176
-35.205641,8,504.778535
-20.68378,16,505.036464
-5.511204,23,505.238029
19.787777,33,509.400708
31.264203,37,509.833411
-26.623945,13,510.005518
-26.437209,12,510.240832
-35.794021,8,510.401716
-29.013506,11,510.62244
23.808944,36,511.024826
88.912217,64,511.758654
35.288751,39,512.235605
-25.784508,13,512.480575
-12.230481,19,512.757299
-33.262263,9,512.934088
-3.862378,24,513.164034
-27.849871,12,513.324255
-35.492885,8,513.512309
-13.21748,21,513.714516
23.767906,40,514.26518
-25.195713,13,514.435341
-15.218671,20,514.742389
4.079532,28,515.168506
72.508962,50,515.873667
5.409468,27,516.11472
14.580066,27,516.341259
-25.260959,13,516.481423
-22.086352,13,516.718967
-30.787032,11,516.867151
-37.341423,7,516.971716
12.066756,32,517.474988
-4.616645,21,517.637755
-35.620741,8,517.773302
-24.928678,14,517.937541
-30.199701,11,518.094796
4.88474,25,518.445768
-35.302884,8,518.584136
12.48115,31,518.845424
-24.931494,13,519.01093
-6.736397,23,519.303308
-31.501657,10,519.470816
-6.704593,23,519.777308
33.718051,35,519.978596
17.15233,31,520.17978
235.90063,106,521.026516
-1.976445,23,521.379058
-41.575836,5,521.519605
2.241169,28,521.795657
-10.078613,20,521.975522
-28.367208,12,522.110592
-39.446062,6,522.222626
-21.21734,15,522.430176
-30.97748,10,522.595731
3.948233,25,522.931774
-20.14731,16,523.128595
-9.705578,17,523.427932
19.916206,29,523.733678
26.162204,38,524.211747
-30.135974,11,524.424175
-2.044994,24,524.656736
-7.021152,22,524.819791
3.821682,27,525.085215
0.945776,27,525.482446
-10.902515,23,525.851802
14.340362,37,526.188245
-7.516085,22,526.450748
17.454365,33,526.701349
-9.855994,19,526.864181
-22.720429,14,527.107702
4.829142,29,527.370856
-37.158713,7,527.491914
-15.492916,18,527.700642
6.874367,28,528.03867
-37.742106,7,528.17815
4.355928,26,528.35085
-30.986922,10,528.505347
-24.438404,14,528.657277
21.688288,32,529.024395
34.877936,43,529.405364
-35.736728,8,529.536234
3.701091,29,529.934621
-29.512919,11,530.072882
8.060787,26,530.349426
-36.976302,7,530.522296
-35.575842,8,530.68265
-28.107332,11,530.816793
-20.221846,15,530.962709
7.091285,29,531.168292
13.986856,25,531.654135
-28.86837,11,531.846939
-28.305945,12,532.06896
-40.249353,5,532.197055
30.875892,43,532.512014
-30.311934,11,532.719521
38.951832,39,532.97842
-13.491741,18,533.278337
-28.484381,12,533.515098
21.779566,33,533.736468
14.763192,32,534.045424
-33.884989,9,534.243217
-16.522913,18,534.457938
-35.878037,8,534.575772
-7.351079,22,534.808807
-26.916972,13,535.021978
-24.711693,14,535.176454
41.90663,45,535.5067
-29.521052,11,535.705054
-11.476523,20,535.921558
-13.556444,18,536.111525
-37.313115,7,536.244795
-29.338602,11,536.464241
-20.505051,15,536.622848
-30.191672,11,536.837598
-5.069131,23,537.185888
-35.693102,8,537.351954
-8.808457,22,537.650703
-29.011294,11,537.878703
-27.381676,12,538.052396
-10.539098,22,538.37041
-6.571338,23,538.730314
6.552736,28,538.913925
-39.477259,6,539.082423
7.992754,28,539.499161
-30.389603,11,539.699567
22.206644,35,539.919791
-13.736558,19,540.157808
-6.056519,22,540.441417
-16.13339,17,540.595862
-37.742576,7,540.711048
101.378401,74,541.275878
-26.362196,13,541.519044
18.000711,35,542.03471
1.338924,25,542.348002
1.602387,26,542.5885
-23.105201,15,542.758031
-30.634399,10,542.955991
28.71559,36,543.272224
46.015661,49,543.586871
18.077815,36,543.826553
-21.985617,15,544.111924
-6.638954,21,544.268767
-16.806044,18,544.476436
-9.848183,18,544.730588
45.92473,47,545.152744
-31.96405,10,545.268784
3.917281,23,545.606662
-20.981979,16,545.893728
-29.176684,10,546.079661
-37.696943,7,546.242494
16.322121,32,546.613747
-27.544759,12,546.848723
48.962219,50,547.352157
-34.897457,8,547.537018
-3.885735,24,547.703994
-22.611911,15,547.856993
-32.180714,10,548.02231
-29.813675,11,548.193199
-28.364207,12,548.437631
-31.118134,10,548.65503
-22.024836,13,548.824689
-35.878146,8,549.02861
-33.513103,9,549.1562
-6.740394,22,549.36116
13.325649,30,549.65011
24.626626,39,550.234806
-10.373794,20,550.463441
10.778903,32,550.665022
14.229645,35,551.143293
-25.23855,13,551.308998
51.141247,50,551.63544
-11.883399,19,551.94913
-39.876954,6,552.095135
-14.535845,17,552.362502
15.767191,32,552.58421
22.917614,36,553.112589
268.786913,107,554.518114
-12.255221,20,554.678749
10.063525,30,554.907102
18.751096,33,555.340694
-20.23772,13,555.512957
-38.188728,7,555.671406
-28.1791,12,555.832751
-33.605078,9,556.263217
35.359562,41,556.778229
3.829541,24,557.176839
-3.990333,24,557.581231
5.307137,32,557.790301
37.705387,44,558.233113
-21.452816,14,558.488991
-37.400887,7,558.625329
-2.42381,24,558.916838
-8.883434,21,559.224232
-28.213769,12,559.348371
69.444763,49,559.727762
-41.43366,5,559.870151
-6.39987,22,560.079107
-17.843906,17,560.226849
16.381463,33,560.718545
19.958656,36,561.236642
-21.129521,16,561.520671
-13.961988,17,561.67761
4.02613,24,561.97553
-37.691458,7,562.100478
-29.267601,11,562.236907
-20.312262,14,562.398333
-23.91026,14,562.558175
-6.639929,23,562.92749
48.982953,49,563.217399
-8.346794,20,563.532404
-2.307392,23,563.769626
-33.795331,9,563.960488
-5.46505,23,564.304688
12.073343,28,564.483644
31.290676,37,564.959184
-41.421721,5,565.078767
-1.500418,25,565.407587
-17.690453,18,565.564935
-26.162821,13,565.706174
-13.95453,20,565.931948
-26.218894,13,566.161723
25.593994,36,566.582778
-28.572442,12,566.797005
27.609288,39,567.074338
-28.84204,12,567.320122
-37.010514,7,567.445394
-37.980984,7,567.557911
-36.928343,7,567.711554
26.135018,38,568.180212
-36.049001,8,568.302488
3.538932,26,568.481407
25.544921,35,568.99646
-9.167582,19,569.246095
258.935461,110,575.482481
150.793714,77,576.50863
-23.296542,15,576.763735
-41.754426,5,576.886161
-23.538982,13,577.117798
-41.445524,5,577.253838
-30.626989,10,577.450485
-21.595496,14,577.701286
-23.978435,14,577.856923
-11.523883,21,578.030635
11.72421,31,578.397343
-29.397095,11,578.520137
88.29135,54,578.939208
1.650631,27,579.123183
-17.14745,19,579.400274
-31.002303,10,579.607225
-37.837703,7,579.731087
-19.147065,17,579.864258
-19.414931,17,580.048027
-31.928447,10,580.221167
35.449922,44,580.775052
-37.957132,7,580.883103
10.113168,31,581.088373
-39.426102,6,581.233241
28.247395,36,581.581362
25.32785,36,581.97667
-21.891944,12,582.106728
-6.912276,24,582.317248
-30.074426,11,582.531964
-11.498273,20,582.790164
15.038892,28,583.090954
-28.729302,12,583.359998
-31.283841,10,583.538658
-30.196183,11,583.685958
-34.067177,9,583.854884
91.685666,65,584.415669
47.828898,44,584.77749
24.854495,37,585.022335
12.330231,29,585.314764
14.226354,34,585.996977
3.953709,27,586.182368
-33.718839,9,586.367406
-15.096203,20,586.647145
-34.522515,9,586.811236
-5.864494,19,587.071104
-41.554863,5,587.211528
-25.137305,14,587.392125
-34.613463,9,587.567463
47.141682,48,588.21384
-24.912697,14,588.386807
6.011842,26,588.810164
-30.813744,10,588.964367
-33.305549,9,589.078269
85.182507,57,589.571843
-30.105662,11,589.701468
0.798278,23,589.869637
-31.987279,10,590.038436
-31.59973,10,590.256126
-14.000593,17,590.52639
-39.510825,6,590.668305
-30.820045,10,590.838898
14.569323,31,591.313027
0.330221,26,591.68308
-35.957234,8,591.876089
35.89308,40,592.240411
-33.843516,9,592.395336
-8.593062,21,592.60554
12.720608,29,592.836904
-25.875944,13,593.048112
3.017019,22,593.388193
35.893884,39,593.849214
-25.173274,14,594.089423
-37.020201,7,594.240609
-13.015348,17,594.498181
7.10263,27,594.831577
37.045905,45,595.483968
-13.104354,18,595.676874
-31.334329,10,595.804435
-13.278369,19,596.10458
57.211934,42,596.396937
16.451154,34,596.631119
55.913805,50,597.033079
-35.365435,8,597.147336
-29.848561,11,597.321752
149.032169,85,598.172097
6.969561,25,598.366671
6.039831,33,598.638726
-20.225864,14,598.775189
-19.248087,16,598.911306
-30.906568,10,599.1282
-16.467172,18,599.427848
-24.503365,14,599.658571
-13.024757,20,599.917094
-39.592912,6,600.048976
-23.274701,15,600.20252
-12.114346,19,600.500525
19.584585,34,600.931667
12.731105,29,601.322566
-30.041127,11,601.490001
-19.688992,15,601.650775
-22.276269,15,601.790332
11.787666,29,602.07294
-5.330702,22,602.406654
-19.179573,17,602.610567
-3.188735,25,602.898855
-31.435207,10,603.122119
-4.408185,24,603.335236
0.050414,24,603.595142
-2.135715,25,603.972839
-7.41105,22,604.175691
-12.775008,19,604.504561
-28.047684,12,604.729925
-35.641491,8,604.915636
5.232523,27,605.105659
-25.822202,12,605.333329
-32.065015,10,605.554236
-37.55069,7,605.726098
16.586471,33,606.08355
0.730476,25,606.270939
-10.729801,20,606.424785
27.612672,40,606.863032
16.954256,34,607.3109
-0.483782,28,607.651749
-18.051213,17,607.903144
10.428135,32,608.142076
-33.521298,9,608.256928
-4.841707,23,608.44744
-24.809635,14,608.664249
195.044787,91,609.658703
-27.50161,12,609.790425
56.749205,49,610.265882
-26.977544,13,610.427153
77.220025,53,611.069699
-6.565967,22,611.22597
-6.200849,21,611.521569
48.962559,45,612.047453
-37.460062,7,612.175991
-37.034239,7,612.308997
-25.121703,14,612.519957
-32.212619,10,612.628886
80.225989,60,613.110667
-28.840796,12,613.338577
58.39225,47,613.81631
3.203511,22,614.076536
-33.881266,9,614.277088
-10.050185,22,614.583916
-25.144885,13,614.71442
68.797827,55,615.294404
-25.140713,13,615.441581
2.468557,26,615.671714
-32.547542,10,615.803891
-1.2402,23,616.099304
-11.778712,17,616.34994
-22.58772,15,616.581572
11.679154,29,616.915544
-1.395289,23,617.181564
11.815066,32,617.404644
-20.347593,17,617.625402
-4.028642,23,617.910793
-22.30046,15,618.07992
-18.208557,16,618.356704
-12.390047,19,618.640035
-3.466054,23,618.810853
-7.907356,22,619.030561
-17.229238,18,619.253946
-20.386277,16,619.414953
1.478538,27,619.617039
-19.790444,16,619.776406
23.903095,38,620.273852
-29.504702,10,620.397325
-28.104324,12,620.527503
-35.706072,8,620.670021
3.22975,27,620.911668
-39.824317,6,621.02463
14.539499,37,621.278314
287.881873,116,621.886675
65.700442,55,622.341937
-33.770431,9,622.508141
-9.169393,20,622.806654
-37.561798,7,622.945261
37.010489,38,623.47332
-34.527774,8,623.617594
65.879897,47,624.203346
20.329636,37,624.545132
-27.342175,12,624.711829
-10.608993,21,625.021076
-30.360285,11,625.213912
-13.845362,20,625.518603
-35.687116,8,625.707201
-12.021258,21,625.931538
-19.424484,16,626.12713
-23.989038,13,626.291019
5.573238,28,626.53567
-11.427772,21,626.765643
21.467382,32,627.196588
-34.028192,9,627.372696
-6.279169,23,627.681504
-28.146014,12,627.830604
-3.327334,21,628.086046
-35.110874,8,628.218396
45.359872,45,628.619215
20.487002,37,628.995311
-12.424795,18,629.292349
-35.835611,8,629.425285
9.915291,33,629.808162
1.998179,25,630.121582
-14.338094,17,630.355659
-17.886628,15,630.554691
-29.328325,11,630.713068
-6.225164,20,630.869071
21.510989,36,631.300984
-28.575081,12,631.444899
36.19731,42,632.01785
-35.06385,8,632.152415
22.210687,36,632.5639
-3.796489,22,632.748855
-30.298453,11,632.923095
-24.95835,14,633.148524
-27.168129,13,633.35549
-26.844501,12,633.509177
-27.702882,12,641.548265
-28.576936,12,641.79536
-35.933362,8,641.970298
-31.922769,10,642.126686
-2.638583,22,642.429491
-12.615076,18,642.957418
5.061264,27,643.161804
27.98756,39,643.663884
20.939635,34,643.973613
-19.184607,16,644.122959
-13.234429,19,644.443423
-26.876661,12,644.602256
-21.811844,14,644.809867
8.251848,31,645.131883
-9.977136,21,645.345153
52.830238,49,645.724783
-37.546922,7,645.841904
-26.816464,13,646.051305
-34.070066,9,646.254023
-32.062611,10,646.384958
-28.535135,12,646.609342
319.342223,129,648.161104
-35.278714,8,648.278822
-8.077139,25,648.444801
12.153399,33,648.783433
45.555018,46,649.418511
48.219489,47,649.658422
-41.388707,5,649.81102
-6.486923,21,650.015593
-2.603036,22,650.333252
-22.148971,13,650.527881
0.536497,24,650.729514
-30.188439,11,650.948868
17.64666,31,651.293923
3.001184,28,651.511027
-9.377463,22,651.822162
-30.056404,11,652.004253
129.667151,73,652.720496
-30.329293,11,652.860237
-37.451455,7,653.044468
-24.51179,14,653.282451
-33.383861,9,653.459166
-26.722922,12,653.622627
-27.05327,13,653.813309
2.559356,26,654.194433
-24.8157,14,654.413488
8.396091,27,654.819557
-43.482325,4,654.936547
-4.627302,23,655.272445
-3.352084,23,655.518048
-22.945732,15,655.73553
-18.980237,15,655.984328
-7.120736,22,656.33315
-26.730481,12,656.55268
-27.793932,12,656.730521
44.55194,45,657.39497
-30.996965,10,657.565472
76.977967,61,658.178832
-26.608219,12,658.376115
-24.799546,14,658.598097
-10.164531,19,658.889923
1.734725,27,659.164394
7.156208,27,659.332589
151.144293,79,659.989869
-22.543015,13,660.147407
118.35469,70,660.888704
5.642461,26,661.232015
90.266547,60,661.644383
-28.398321,12,661.866123
-3.910166,24,662.224315
-31.015992,10,662.45008
-8.891499,21,662.713997
-24.305715,13,662.926034
-24.767615,13,663.130214
-20.116284,13,663.377538
-36.779322,7,663.51909
-6.374908,22,663.709487
-28.080381,12,663.860401
-5.490126,23,664.188627
-12.015982,19,664.386744
71.001451,53,664.921641
-14.201379,18,665.136534
12.186795,27,665.365164
2.779375,25,665.534895
16.191483,32,666.020507
7.161314,26,666.338056
207.77763,85,667.238571
-29.97024,11,667.456164
-18.472694,17,667.70338
-35.530907,8,667.911059
-7.928227,21,668.082308
0.386233,25,668.41178
-18.650538,17,668.557376
-39.625797,6,668.710856
30.459824,37,669.025422
16.722354,32,669.487575
-1.886547,27,669.716613
-29.275617,11,669.906491
28.024731,40,670.408649
2.142902,26,670.627623
-39.546214,6,670.737486
-26.266724,13,670.917591
-41.505476,5,671.077328
11.494102,29,671.28961
-15.468962,18,671.592146
58.480269,55,672.085102
-20.376439,17,672.296614
-10.663206,22,672.544506
-41.292051,5,672.770006
-6.941865,24,673.008493
-37.406473,7,673.156185
-29.661103,10,673.364744
256.50952,114,674.009579
-41.616597,5,674.147577
8.786354,26,674.561597
-30.607284,11,674.797389
129.644405,89,675.246998
-27.561865,12,675.49115
-25.008402,14,675.725326
-41.583683,5,675.856112
-25.581517,12,675.987591
25.781548,33,676.413492
-39.36542,6,676.586032
-39.70802,6,676.706125
88.297245,68,677.112697
163.831836,89,677.533053
-27.111717,12,677.6958
-35.459283,8,677.840333
10.427664,31,678.207656
-9.232265,22,678.376447
-20.680304,16,678.517531
-22.88264,15,678.664714
-28.619266,12,678.914004
-34.878722,8,679.113531
15.242983,31,679.569143
109.991012,64,679.977938
4.646157,25,680.248198
-1.396899,24,680.45642
-26.71916,12,680.610902
5.630894,26,680.882272
-29.972924,11,681.098662
-21.783853,16,681.34239
-39.674898,6,681.493925
-21.373302,15,681.640609
-21.674239,14,681.782549
55.187057,51,682.280835
56.76002,54,682.824733
0.748464,27,682.990469
-32.265437,10,683.192422
-39.769169,6,683.366458
-16.053761,17,683.548959
-34.604738,9,683.682691
-4.907101,22,683.950559
89.24604,58,684.365034
14.810953,33,684.833643
26.922314,35,685.122008
20.323623,38,685.440296
-35.387049,8,685.580651
35.642217,37,685.936698
-29.490117,11,686.139344
-3.603807,21,686.316913
8.262262,28,686.741231
202.595706,89,687.213656
86.312626,66,687.519812
-24.108009,14,687.767259
-21.079726,16,687.954863
11.512956,28,688.345565
33.568658,40,689.199767
73.574311,57,689.763747
19.965303,32,690.063478
-20.307276,17,690.331168
-35.745672,8,690.487017
45.672234,46,690.94146
-17.002863,18,691.169804
-5.423352,22,691.441282
33.715372,32,691.928178
7.994763,28,692.20779
-22.666403,14,692.345839
-19.476933,16,692.577835
41.631184,43,693.14452
-17.491423,16,693.345991
-29.245245,12,693.57252
-32.385438,10,693.769552
-12.547489,19,694.04488
165.452564,85,695.202705
-25.365218,13,695.331461
4.080932,28,695.541239
279.094401,120,696.54253
-14.613124,17,696.838801
-37.422594,7,696.958814
-16.438305,18,697.23911
-12.657325,19,697.452684
18.162273,33,697.909668
11.756582,34,698.300745
-31.602007,9,698.456653
-22.983677,14,698.596217
-19.748046,17,698.764077
-22.116895,15,699.036432
142.730534,82,851.578818
-0.644075,28,851.751426
85.19057,61,852.576337
-37.910419,7,852.756975
3.242619,29,852.957298
26.796313,36,853.255815
19.08567,34,853.596862
-27.150135,12,853.757835
-21.529636,15,853.922058
-10.644079,21,854.170165
-17.072431,17,854.353293
6.111858,27,854.61523
-19.905806,16,854.806173
-10.290553,20,855.147035
85.890309,58,855.44812
-14.641464,17,855.60186
32.83638,41,856.121916
-26.15155,12,856.315386
12.971621,34,856.789943
-12.986961,21,857.084966
-23.478703,15,857.255104
4.413188,28,857.633247
-8.091232,21,857.951567
27.087067,39,858.508238
35.635176,38,858.882429
-4.20684,24,859.139924
-39.603749,6,859.274275
-37.492721,6,859.414555
-26.641234,13,859.61729
32.872769,39,860.137157
47.482142,45,860.610375
4.392493,25,860.894082
-33.179748,9,861.091797
-0.631216,24,861.427512
-4.303548,26,861.777964
97.697695,56,862.088212
-31.741212,10,862.233753
-33.88962,8,862.388334
34.116139,39,862.970285
-18.778898,17,863.158196
-19.400259,15,863.384268
-21.380821,14,863.576895
-10.497673,21,863.779072
39.043076,48,864.178753
-24.311711,14,864.36825
